post_id,member_id,group_id,timestamp,post_type,content
1001,12,104,2024-07-24T05:54:00,comment,Please pray for my family.
1002,13,101,2024-05-19T08:36:00,prayer_request,Please pray for my family.
1003,16,103,2024-09-20T13:58:00,message,Liked previous post.
1004,15,102,2024-04-02T17:03:00,comment,Attended the session.
1005,7,101,2024-10-09T22:16:00,like,Attended the session.
1006,5,105,2024-10-22T22:16:00,announcement,Please pray for my family.
1007,16,101,2024-02-02T14:11:00,message,Loved this!
1008,20,105,2024-06-29T03:50:00,event_attendance,Attended the session.
1009,11,103,2024-02-08T02:13:00,message,Liked previous post.
1010,14,101,2024-04-16T17:46:00,comment,Loved this!
1011,4,101,2024-03-15T01:04:00,event_attendance,Important announcement coming soon.
1012,8,103,2024-05-23T08:16:00,comment,Important announcement coming soon.
1013,13,104,2024-03-12T03:13:00,like,Loved this!
1014,14,101,2024-01-05T04:21:00,prayer_request,Great meeting today!
1015,17,101,2024-06-05T17:44:00,message,Great meeting today!
1016,12,102,2024-03-08T23:07:00,comment,Loved this!
1017,7,105,2024-09-27T19:39:00,like,Loved this!
1018,5,103,2024-06-03T02:23:00,like,Loved this!
1019,18,102,2024-08-08T10:18:00,message,Important announcement coming soon.
1020,10,104,2024-05-26T13:14:00,comment,Loved this!
1021,16,104,2024-01-21T09:59:00,like,Loved this!
1022,14,102,2024-09-13T05:46:00,comment,Great meeting today!
1023,11,101,2024-05-02T00:06:00,comment,Great meeting today!
1024,16,101,2024-08-19T16:38:00,announcement,Liked previous post.
1025,9,104,2024-02-25T15:46:00,announcement,Attended the session.
1026,3,102,2024-01-01T17:53:00,comment,Great meeting today!
1027,4,105,2024-01-28T02:07:00,comment,Important announcement coming soon.
1028,5,102,2024-01-22T07:35:00,announcement,Important announcement coming soon.
1029,20,103,2024-06-30T05:47:00,message,Loved this!
1030,17,103,2024-08-11T03:03:00,like,Important announcement coming soon.
1031,13,102,2024-04-09T19:29:00,announcement,Please pray for my family.
1032,17,103,2024-10-17T17:11:00,event_attendance,Attended the session.
1033,1,104,2024-02-20T18:24:00,announcement,Loved this!
1034,20,102,2024-08-11T00:24:00,message,Liked previous post.
1035,1,102,2024-09-24T12:28:00,comment,Please pray for my family.
1036,7,102,2024-10-03T22:39:00,comment,Loved this!
1037,11,103,2024-06-04T20:12:00,comment,Please pray for my family.
1038,1,105,2024-07-21T19:30:00,message,Please pray for my family.
1039,14,101,2024-08-23T00:17:00,like,Please pray for my family.
1040,2,104,2024-10-04T05:00:00,event_attendance,Attended the session.
1041,17,101,2024-04-29T07:09:00,like,Please pray for my family.
1042,10,105,2024-07-03T16:41:00,prayer_request,Attended the session.
1043,7,105,2024-04-18T09:58:00,event_attendance,Loved this!
1044,13,104,2024-08-28T02:39:00,comment,Great meeting today!
1045,8,101,2024-05-08T17:46:00,message,Loved this!
1046,20,103,2024-08-10T01:35:00,like,Liked previous post.
1047,12,104,2024-01-19T02:34:00,message,Liked previous post.
1048,16,104,2024-07-26T12:44:00,like,Liked previous post.
1049,18,103,2024-07-14T18:40:00,announcement,Great meeting today!
1050,9,105,2024-08-25T15:40:00,event_attendance,Attended the session.
1051,4,102,2024-05-03T10:26:00,comment,Please pray for my family.
1052,12,105,2024-09-02T10:10:00,announcement,Please pray for my family.
1053,3,104,2024-04-14T20:38:00,event_attendance,Liked previous post.
1054,5,104,2024-01-23T14:59:00,message,Liked previous post.
1055,18,105,2024-09-22T02:54:00,prayer_request,Loved this!
1056,2,105,2024-03-15T07:53:00,event_attendance,Loved this!
1057,11,101,2024-08-23T20:11:00,comment,Attended the session.
1058,9,104,2024-09-08T16:24:00,event_attendance,Great meeting today!
1059,9,104,2024-08-05T18:40:00,announcement,Important announcement coming soon.
1060,1,102,2024-10-22T02:45:00,announcement,Great meeting today!
1061,6,101,2024-08-31T17:32:00,message,Loved this!
1062,10,103,2024-09-06T03:14:00,like,Please pray for my family.
1063,5,101,2024-03-19T09:06:00,announcement,Important announcement coming soon.
1064,17,103,2024-02-05T22:20:00,event_attendance,Loved this!
1065,3,103,2024-02-29T00:10:00,comment,Great meeting today!
1066,10,105,2024-05-12T18:11:00,event_attendance,Please pray for my family.
1067,4,103,2024-10-23T13:19:00,like,Important announcement coming soon.
1068,1,102,2024-01-14T15:08:00,announcement,Important announcement coming soon.
1069,14,104,2024-10-19T09:01:00,announcement,Great meeting today!
1070,5,103,2024-01-29T23:43:00,message,Please pray for my family.
1071,6,103,2024-04-03T04:15:00,comment,Loved this!
1072,7,105,2024-08-15T12:16:00,announcement,Important announcement coming soon.
1073,16,104,2024-07-05T20:47:00,like,Important announcement coming soon.
1074,8,105,2024-08-09T07:54:00,event_attendance,Attended the session.
1075,7,105,2024-10-10T10:14:00,prayer_request,Great meeting today!
1076,11,103,2024-09-22T07:33:00,comment,Attended the session.
1077,16,103,2024-01-30T05:32:00,event_attendance,Great meeting today!
1078,20,104,2024-10-06T14:47:00,event_attendance,Please pray for my family.
1079,1,105,2024-01-06T11:30:00,like,Please pray for my family.
1080,11,104,2024-07-12T09:57:00,event_attendance,Attended the session.
1081,5,105,2024-10-12T18:07:00,announcement,Important announcement coming soon.
1082,8,102,2024-06-29T09:17:00,event_attendance,Great meeting today!
1083,15,101,2024-04-03T19:50:00,comment,Please pray for my family.
1084,11,101,2024-01-15T01:37:00,like,Great meeting today!
1085,4,102,2024-06-06T21:53:00,prayer_request,Important announcement coming soon.
1086,12,101,2024-07-21T14:03:00,comment,Please pray for my family.
1087,20,101,2024-04-22T04:41:00,like,Liked previous post.
1088,19,102,2024-10-04T05:55:00,comment,Great meeting today!
1089,12,102,2024-03-04T02:17:00,like,Please pray for my family.
1090,18,105,2024-05-16T02:06:00,announcement,Great meeting today!
1091,13,102,2024-03-18T14:17:00,prayer_request,Liked previous post.
1092,4,101,2024-09-05T08:43:00,like,Great meeting today!
1093,19,103,2024-07-23T13:26:00,event_attendance,Important announcement coming soon.
1094,19,101,2024-01-09T13:53:00,announcement,Liked previous post.
1095,15,103,2024-05-26T14:08:00,announcement,Loved this!
1096,17,101,2024-09-11T04:38:00,event_attendance,Important announcement coming soon.
1097,3,104,2024-02-22T13:33:00,message,Loved this!
1098,10,105,2024-10-08T22:35:00,announcement,Attended the session.
1099,9,105,2024-08-01T12:18:00,like,Liked previous post.
1100,12,105,2024-04-01T11:47:00,message,Liked previous post.
1101,2,105,2024-10-23T22:31:00,message,Please pray for my family.
1102,12,104,2024-09-24T17:14:00,announcement,Liked previous post.
1103,13,101,2024-07-02T15:49:00,comment,Attended the session.
1104,14,104,2024-10-17T05:34:00,message,Loved this!
1105,6,105,2024-08-27T05:06:00,announcement,Important announcement coming soon.
1106,20,101,2024-10-07T00:14:00,like,Great meeting today!
1107,6,104,2024-08-15T01:19:00,prayer_request,Loved this!
1108,17,105,2024-08-02T23:55:00,event_attendance,Liked previous post.
1109,17,101,2024-08-15T12:30:00,prayer_request,Attended the session.
1110,15,101,2024-08-05T10:45:00,prayer_request,Great meeting today!
1111,17,105,2024-04-03T21:18:00,event_attendance,Loved this!
1112,4,105,2024-07-04T13:31:00,announcement,Important announcement coming soon.
1113,17,101,2024-02-03T00:19:00,announcement,Liked previous post.
1114,13,103,2024-06-01T03:55:00,like,Important announcement coming soon.
1115,2,101,2024-03-08T07:55:00,like,Important announcement coming soon.
1116,3,103,2024-08-20T17:14:00,event_attendance,Attended the session.
1117,20,102,2024-05-05T23:48:00,announcement,Loved this!
1118,9,102,2024-05-15T11:59:00,event_attendance,Great meeting today!
1119,11,101,2024-02-06T22:17:00,prayer_request,Liked previous post.
1120,6,101,2024-07-23T22:55:00,prayer_request,Attended the session.
1121,10,102,2024-10-06T02:00:00,announcement,Please pray for my family.
1122,16,104,2024-06-21T18:07:00,prayer_request,Please pray for my family.
1123,15,104,2024-05-04T05:11:00,event_attendance,Attended the session.
1124,1,101,2024-10-20T04:29:00,event_attendance,Important announcement coming soon.
1125,4,103,2024-06-03T02:40:00,message,Please pray for my family.
1126,20,101,2024-10-16T20:10:00,event_attendance,Loved this!
1127,10,102,2024-06-02T14:37:00,prayer_request,Loved this!
1128,11,105,2024-02-01T19:10:00,comment,Attended the session.
1129,13,105,2024-03-17T17:57:00,message,Loved this!
1130,10,105,2024-10-26T14:37:00,event_attendance,Important announcement coming soon.
1131,5,101,2024-08-13T11:17:00,like,Please pray for my family.
1132,20,105,2024-05-15T15:21:00,comment,Important announcement coming soon.
1133,7,104,2024-08-11T20:39:00,comment,Liked previous post.
1134,9,101,2024-07-08T18:06:00,prayer_request,Important announcement coming soon.
1135,9,102,2024-06-29T05:31:00,prayer_request,Liked previous post.
1136,17,103,2024-03-16T07:00:00,message,Important announcement coming soon.
1137,6,105,2024-09-12T20:20:00,prayer_request,Liked previous post.
1138,10,103,2024-10-04T23:00:00,like,Great meeting today!
1139,17,105,2024-10-12T02:42:00,message,Loved this!
1140,17,102,2024-10-08T02:44:00,announcement,Liked previous post.
1141,16,104,2024-09-16T08:23:00,message,Please pray for my family.
1142,13,101,2024-09-30T16:34:00,event_attendance,Liked previous post.
1143,8,105,2024-09-08T04:42:00,message,Attended the session.
1144,5,103,2024-03-18T08:27:00,prayer_request,Please pray for my family.
1145,1,103,2024-08-15T08:19:00,message,Please pray for my family.
1146,14,101,2024-08-15T21:33:00,event_attendance,Loved this!
1147,12,101,2024-08-01T01:50:00,like,Great meeting today!
1148,2,104,2024-10-02T10:58:00,comment,Liked previous post.
1149,12,101,2024-03-06T12:33:00,event_attendance,Please pray for my family.
1150,10,102,2024-06-30T21:44:00,message,Liked previous post.
1151,15,103,2024-03-03T15:01:00,like,Loved this!
1152,14,101,2024-07-23T07:36:00,like,Liked previous post.
1153,2,105,2024-09-04T01:04:00,message,Please pray for my family.
1154,2,101,2024-03-24T13:24:00,message,Great meeting today!
1155,2,105,2024-01-07T18:41:00,like,Attended the session.
1156,7,104,2024-02-13T19:01:00,event_attendance,Great meeting today!
1157,19,104,2024-09-09T01:39:00,event_attendance,Attended the session.
1158,9,104,2024-09-03T16:05:00,like,Loved this!
1159,13,104,2024-02-09T17:26:00,announcement,Attended the session.
1160,9,103,2024-08-06T22:52:00,announcement,Loved this!
1161,11,105,2024-06-23T08:03:00,message,Liked previous post.
1162,5,101,2024-03-09T09:35:00,prayer_request,Attended the session.
1163,2,103,2024-04-21T19:14:00,announcement,Loved this!
1164,3,103,2024-04-17T17:48:00,event_attendance,Loved this!
1165,15,101,2024-03-23T05:33:00,comment,Important announcement coming soon.
1166,8,105,2024-05-17T01:00:00,prayer_request,Attended the session.
1167,10,102,2024-06-05T18:50:00,comment,Great meeting today!
1168,2,104,2024-05-27T13:42:00,announcement,Attended the session.
1169,3,104,2024-10-14T09:46:00,message,Loved this!
1170,17,104,2024-07-13T23:08:00,comment,Liked previous post.
1171,15,103,2024-04-03T19:16:00,prayer_request,Please pray for my family.
1172,6,104,2024-07-31T18:31:00,event_attendance,Great meeting today!
1173,13,101,2024-04-05T11:26:00,like,Great meeting today!
1174,19,101,2024-01-18T23:40:00,like,Please pray for my family.
1175,18,101,2024-03-18T07:50:00,prayer_request,Attended the session.
1176,11,101,2024-06-01T01:56:00,like,Important announcement coming soon.
1177,6,104,2024-02-25T02:09:00,comment,Please pray for my family.
1178,4,101,2024-02-09T11:48:00,prayer_request,Important announcement coming soon.
1179,14,103,2024-06-28T22:17:00,message,Important announcement coming soon.
1180,12,105,2024-07-08T09:45:00,event_attendance,Attended the session.
1181,2,103,2024-04-17T20:38:00,comment,Loved this!
1182,14,103,2024-04-26T11:48:00,event_attendance,Important announcement coming soon.
1183,4,104,2024-07-22T05:14:00,event_attendance,Please pray for my family.
1184,13,101,2024-06-18T15:18:00,announcement,Great meeting today!
1185,16,101,2024-02-05T00:25:00,message,Important announcement coming soon.
1186,7,104,2024-01-20T22:09:00,like,Important announcement coming soon.
1187,8,102,2024-03-14T13:05:00,prayer_request,Loved this!
1188,1,103,2024-07-05T23:31:00,comment,Important announcement coming soon.
1189,2,105,2024-10-24T06:04:00,announcement,Great meeting today!
1190,14,103,2024-07-11T22:27:00,comment,Important announcement coming soon.
1191,2,104,2024-07-04T01:03:00,message,Great meeting today!
1192,3,103,2024-08-24T20:56:00,message,Great meeting today!
1193,19,105,2024-07-16T06:11:00,message,Great meeting today!
1194,16,101,2024-04-29T03:59:00,announcement,Attended the session.
1195,1,102,2024-02-11T05:15:00,like,Please pray for my family.
1196,4,105,2024-08-20T12:03:00,announcement,Important announcement coming soon.
1197,9,102,2024-09-04T17:03:00,comment,Loved this!
1198,20,105,2024-02-02T09:38:00,announcement,Attended the session.
1199,12,103,2024-02-14T12:20:00,event_attendance,Loved this!
1200,6,102,2024-03-15T04:19:00,message,Attended the session.
1201,3,102,2024-06-09T00:04:00,event_attendance,Great meeting today!
1202,1,101,2024-10-24T20:50:00,event_attendance,Liked previous post.
1203,14,101,2024-02-27T02:00:00,message,Liked previous post.
1204,12,105,2024-08-01T21:53:00,prayer_request,Loved this!
1205,16,104,2024-07-19T01:30:00,event_attendance,Liked previous post.
1206,5,101,2024-07-13T16:20:00,event_attendance,Attended the session.
1207,16,103,2024-06-13T05:43:00,event_attendance,Attended the session.
1208,7,101,2024-04-05T08:30:00,prayer_request,Liked previous post.
1209,5,102,2024-06-04T16:03:00,prayer_request,Important announcement coming soon.
1210,15,101,2024-05-03T07:03:00,announcement,Important announcement coming soon.
1211,18,101,2024-01-07T14:38:00,comment,Attended the session.
1212,15,101,2024-04-07T07:42:00,prayer_request,Loved this!
1213,19,105,2024-07-23T08:53:00,event_attendance,Great meeting today!
1214,19,103,2024-01-26T15:46:00,prayer_request,Important announcement coming soon.
1215,14,102,2024-10-09T08:57:00,event_attendance,Please pray for my family.
1216,9,101,2024-07-28T03:38:00,message,Liked previous post.
1217,11,101,2024-01-23T11:21:00,like,Important announcement coming soon.
1218,5,103,2024-10-02T04:49:00,comment,Please pray for my family.
1219,9,105,2024-05-07T10:04:00,like,Please pray for my family.
1220,20,104,2024-07-31T23:32:00,prayer_request,Please pray for my family.
1221,17,102,2024-09-11T00:37:00,like,Attended the session.
1222,5,102,2024-02-29T07:57:00,prayer_request,Attended the session.
1223,2,103,2024-02-22T01:17:00,announcement,Important announcement coming soon.
1224,15,102,2024-03-05T12:05:00,comment,Attended the session.
1225,2,104,2024-07-31T07:51:00,like,Important announcement coming soon.
1226,19,101,2024-07-08T21:00:00,event_attendance,Great meeting today!
1227,18,101,2024-06-05T12:56:00,announcement,Important announcement coming soon.
1228,19,105,2024-03-18T02:23:00,announcement,Important announcement coming soon.
1229,20,101,2024-04-25T18:43:00,comment,Attended the session.
1230,11,103,2024-09-30T16:17:00,event_attendance,Important announcement coming soon.
1231,19,105,2024-10-16T22:25:00,announcement,Great meeting today!
1232,4,102,2024-09-12T03:47:00,prayer_request,Please pray for my family.
1233,20,104,2024-03-25T21:01:00,event_attendance,Please pray for my family.
1234,3,102,2024-09-02T02:56:00,like,Great meeting today!
1235,10,104,2024-07-07T09:55:00,announcement,Please pray for my family.
1236,7,104,2024-03-03T01:30:00,event_attendance,Important announcement coming soon.
1237,18,104,2024-05-11T19:46:00,comment,Important announcement coming soon.
1238,11,103,2024-08-13T15:51:00,announcement,Loved this!
1239,2,105,2024-05-09T21:46:00,prayer_request,Loved this!
1240,4,103,2024-06-01T10:20:00,announcement,Please pray for my family.
1241,15,103,2024-04-20T07:57:00,announcement,Liked previous post.
1242,18,103,2024-08-30T18:39:00,prayer_request,Great meeting today!
1243,16,104,2024-10-15T14:38:00,announcement,Important announcement coming soon.
1244,12,104,2024-05-17T21:29:00,message,Please pray for my family.
1245,11,101,2024-07-30T08:31:00,prayer_request,Attended the session.
1246,12,105,2024-03-19T22:37:00,comment,Liked previous post.
1247,8,101,2024-03-15T18:43:00,prayer_request,Liked previous post.
1248,16,105,2024-06-10T20:22:00,message,Please pray for my family.
1249,11,102,2024-06-30T14:33:00,prayer_request,Great meeting today!
1250,1,105,2024-07-06T12:55:00,announcement,Important announcement coming soon.
1251,10,102,2024-03-02T06:36:00,comment,Important announcement coming soon.
1252,13,101,2024-06-21T04:48:00,event_attendance,Loved this!
1253,17,101,2024-02-26T13:10:00,like,Attended the session.
1254,18,105,2024-03-23T20:18:00,like,Great meeting today!
1255,10,102,2024-02-29T12:51:00,message,Please pray for my family.
1256,1,102,2024-02-13T16:59:00,prayer_request,Loved this!
1257,5,102,2024-04-01T10:19:00,comment,Great meeting today!
1258,5,101,2024-03-12T04:44:00,comment,Great meeting today!
1259,16,101,2024-07-21T16:10:00,like,Great meeting today!
1260,13,103,2024-02-12T01:33:00,prayer_request,Loved this!
1261,16,102,2024-06-15T01:39:00,like,Great meeting today!
1262,13,101,2024-08-06T14:43:00,message,Liked previous post.
1263,10,102,2024-03-30T21:26:00,event_attendance,Liked previous post.
1264,18,101,2024-01-15T20:20:00,prayer_request,Important announcement coming soon.
1265,13,103,2024-06-04T17:42:00,event_attendance,Great meeting today!
1266,5,105,2024-06-18T12:43:00,message,Important announcement coming soon.
1267,13,103,2024-10-04T16:41:00,prayer_request,Attended the session.
1268,13,102,2024-02-25T18:58:00,like,Important announcement coming soon.
1269,12,105,2024-09-23T05:21:00,announcement,Liked previous post.
1270,13,103,2024-05-10T14:09:00,message,Please pray for my family.
1271,10,103,2024-08-04T15:05:00,message,Please pray for my family.
1272,20,102,2024-10-16T02:08:00,event_attendance,Great meeting today!
1273,8,101,2024-06-10T23:50:00,announcement,Please pray for my family.
1274,9,103,2024-07-23T21:48:00,message,Liked previous post.
1275,15,104,2024-10-10T15:23:00,prayer_request,Attended the session.
1276,2,101,2024-07-08T11:29:00,like,Loved this!
1277,18,101,2024-08-25T10:53:00,message,Please pray for my family.
1278,15,104,2024-04-10T20:21:00,announcement,Great meeting today!
1279,18,103,2024-02-17T23:26:00,comment,Attended the session.
1280,19,105,2024-03-07T05:54:00,prayer_request,Important announcement coming soon.
1281,7,101,2024-09-04T18:21:00,like,Great meeting today!
1282,18,103,2024-03-07T03:47:00,like,Loved this!
1283,2,102,2024-07-27T08:06:00,announcement,Liked previous post.
1284,5,104,2024-03-29T12:05:00,like,Great meeting today!
1285,2,105,2024-07-07T11:17:00,event_attendance,Loved this!
1286,11,103,2024-06-12T08:20:00,like,Important announcement coming soon.
1287,19,105,2024-01-18T01:36:00,like,Important announcement coming soon.
1288,9,105,2024-04-17T05:31:00,message,Loved this!
1289,17,101,2024-06-07T22:04:00,event_attendance,Please pray for my family.
1290,19,101,2024-07-15T00:02:00,announcement,Please pray for my family.
1291,4,102,2024-04-18T19:10:00,message,Great meeting today!
1292,19,103,2024-10-01T23:39:00,message,Attended the session.
1293,3,102,2024-06-18T16:48:00,event_attendance,Attended the session.
1294,4,101,2024-06-27T04:51:00,announcement,Please pray for my family.
1295,20,102,2024-09-11T03:12:00,announcement,Important announcement coming soon.
1296,11,104,2024-09-20T10:42:00,event_attendance,Attended the session.
1297,3,105,2024-01-24T09:09:00,prayer_request,Important announcement coming soon.
1298,5,105,2024-06-05T00:23:00,message,Great meeting today!
1299,16,104,2024-05-02T20:03:00,comment,Please pray for my family.
1300,6,101,2024-08-11T03:12:00,message,Liked previous post.
1301,2,102,2024-08-27T17:18:00,message,Please pray for my family.
1302,14,102,2024-01-21T19:32:00,like,Please pray for my family.
1303,16,103,2024-03-17T16:48:00,event_attendance,Great meeting today!
1304,10,101,2024-05-15T02:10:00,like,Please pray for my family.
1305,16,104,2024-03-15T17:57:00,like,Important announcement coming soon.
1306,6,102,2024-08-10T07:13:00,message,Important announcement coming soon.
1307,11,101,2024-01-19T22:13:00,like,Loved this!
1308,16,102,2024-10-26T05:05:00,like,Great meeting today!
1309,5,103,2024-04-26T22:30:00,like,Loved this!
1310,5,103,2024-04-11T21:43:00,comment,Great meeting today!
1311,3,102,2024-05-26T02:21:00,announcement,Please pray for my family.
1312,9,101,2024-09-09T05:25:00,message,Attended the session.
1313,18,102,2024-05-04T22:45:00,comment,Liked previous post.
1314,2,104,2024-04-03T15:47:00,comment,Important announcement coming soon.
1315,12,102,2024-02-08T09:33:00,prayer_request,Great meeting today!
1316,13,101,2024-06-11T16:24:00,message,Loved this!
1317,13,102,2024-02-14T14:49:00,prayer_request,Important announcement coming soon.
1318,20,102,2024-05-13T06:22:00,comment,Please pray for my family.
1319,2,105,2024-09-29T23:52:00,prayer_request,Attended the session.
1320,4,101,2024-06-05T14:00:00,announcement,Great meeting today!
1321,10,102,2024-09-24T07:49:00,event_attendance,Attended the session.
1322,7,103,2024-08-07T01:27:00,event_attendance,Loved this!
1323,15,102,2024-05-24T11:28:00,announcement,Please pray for my family.
1324,15,102,2024-07-01T07:23:00,prayer_request,Liked previous post.
1325,13,103,2024-10-05T20:49:00,comment,Loved this!
1326,6,104,2024-09-20T16:32:00,event_attendance,Important announcement coming soon.
1327,9,103,2024-09-07T20:25:00,announcement,Great meeting today!
1328,11,101,2024-04-22T00:35:00,comment,Liked previous post.
1329,20,101,2024-06-19T10:14:00,message,Great meeting today!
1330,15,103,2024-03-22T21:29:00,prayer_request,Attended the session.
1331,11,105,2024-10-13T00:31:00,announcement,Great meeting today!
1332,3,104,2024-02-08T19:34:00,like,Great meeting today!
1333,20,105,2024-07-29T03:53:00,like,Important announcement coming soon.
1334,20,101,2024-01-07T02:21:00,message,Loved this!
1335,7,104,2024-10-14T20:31:00,message,Attended the session.
1336,13,104,2024-03-19T22:36:00,message,Liked previous post.
1337,9,101,2024-02-29T08:31:00,message,Please pray for my family.
1338,1,102,2024-09-06T05:46:00,like,Loved this!
1339,4,104,2024-03-25T15:12:00,event_attendance,Please pray for my family.
1340,2,101,2024-03-04T16:40:00,prayer_request,Important announcement coming soon.
1341,14,101,2024-03-14T16:55:00,event_attendance,Please pray for my family.
1342,3,105,2024-02-26T09:10:00,event_attendance,Loved this!
1343,17,101,2024-06-24T15:38:00,announcement,Liked previous post.
1344,12,104,2024-01-21T21:57:00,announcement,Great meeting today!
1345,11,103,2024-02-24T14:12:00,message,Important announcement coming soon.
1346,15,103,2024-04-12T01:50:00,event_attendance,Great meeting today!
1347,8,104,2024-04-24T06:07:00,comment,Great meeting today!
1348,11,104,2024-03-01T00:20:00,announcement,Attended the session.
1349,11,105,2024-09-05T13:53:00,comment,Please pray for my family.
1350,11,104,2024-05-12T07:13:00,announcement,Please pray for my family.
1351,4,102,2024-05-27T05:51:00,event_attendance,Attended the session.
1352,11,105,2024-07-20T08:50:00,like,Please pray for my family.
1353,16,104,2024-06-02T02:03:00,comment,Attended the session.
1354,13,101,2024-02-18T14:45:00,announcement,Liked previous post.
1355,4,105,2024-09-21T01:23:00,event_attendance,Great meeting today!
1356,14,102,2024-06-21T10:26:00,event_attendance,Loved this!
1357,9,104,2024-05-21T11:22:00,comment,Important announcement coming soon.
1358,11,104,2024-06-20T06:49:00,event_attendance,Great meeting today!
1359,16,102,2024-08-10T19:50:00,comment,Great meeting today!
1360,10,101,2024-03-21T20:40:00,announcement,Attended the session.
1361,5,101,2024-09-07T23:06:00,message,Great meeting today!
1362,8,102,2024-05-20T04:55:00,message,Liked previous post.
1363,14,105,2024-06-08T15:21:00,announcement,Important announcement coming soon.
1364,4,101,2024-09-21T17:56:00,comment,Important announcement coming soon.
1365,10,102,2024-07-05T19:32:00,comment,Attended the session.
1366,2,103,2024-06-15T20:34:00,event_attendance,Please pray for my family.
1367,9,105,2024-01-17T23:04:00,message,Please pray for my family.
1368,17,105,2024-07-26T19:46:00,event_attendance,Liked previous post.
1369,18,103,2024-07-07T15:41:00,comment,Loved this!
1370,12,101,2024-08-30T08:43:00,event_attendance,Loved this!
1371,13,103,2024-02-29T04:34:00,event_attendance,Important announcement coming soon.
1372,1,105,2024-01-19T04:20:00,prayer_request,Attended the session.
1373,14,105,2024-01-22T00:54:00,message,Attended the session.
1374,11,102,2024-06-20T23:06:00,announcement,Please pray for my family.
1375,1,101,2024-09-10T12:18:00,like,Important announcement coming soon.
1376,12,104,2024-06-17T03:11:00,message,Attended the session.
1377,10,102,2024-09-08T00:15:00,prayer_request,Important announcement coming soon.
1378,19,104,2024-01-27T06:45:00,announcement,Liked previous post.
1379,7,102,2024-07-21T20:13:00,like,Please pray for my family.
1380,3,104,2024-08-14T15:15:00,event_attendance,Loved this!
1381,3,105,2024-05-24T14:13:00,like,Liked previous post.
1382,4,102,2024-02-12T23:55:00,comment,Liked previous post.
1383,3,101,2024-04-27T11:17:00,comment,Loved this!
1384,20,103,2024-02-22T08:11:00,announcement,Great meeting today!
1385,11,103,2024-09-07T17:00:00,announcement,Great meeting today!
1386,15,102,2024-06-25T02:48:00,event_attendance,Loved this!
1387,3,102,2024-02-15T10:39:00,event_attendance,Great meeting today!
1388,7,102,2024-03-23T18:58:00,like,Attended the session.
1389,6,104,2024-03-27T12:54:00,event_attendance,Attended the session.
1390,17,102,2024-10-08T04:13:00,like,Attended the session.
1391,14,103,2024-03-02T10:45:00,prayer_request,Please pray for my family.
1392,13,101,2024-08-23T10:19:00,event_attendance,Important announcement coming soon.
1393,7,104,2024-02-14T05:45:00,announcement,Liked previous post.
1394,3,101,2024-06-19T06:19:00,prayer_request,Attended the session.
1395,15,103,2024-02-20T09:16:00,comment,Loved this!
1396,8,101,2024-09-20T14:09:00,event_attendance,Liked previous post.
1397,2,105,2024-08-10T03:44:00,announcement,Great meeting today!
1398,12,101,2024-07-16T11:50:00,event_attendance,Please pray for my family.
1399,6,101,2024-07-06T03:28:00,announcement,Attended the session.
1400,16,104,2024-02-14T06:47:00,event_attendance,Please pray for my family.
1401,15,105,2024-01-07T06:18:00,message,Please pray for my family.
1402,1,103,2024-09-12T04:11:00,message,Attended the session.
1403,17,103,2024-04-29T09:20:00,message,Liked previous post.
1404,19,101,2024-07-09T01:04:00,announcement,Please pray for my family.
1405,16,103,2024-08-06T05:09:00,comment,Please pray for my family.
1406,12,103,2024-09-27T21:27:00,message,Great meeting today!
1407,9,103,2024-01-09T13:32:00,comment,Liked previous post.
1408,5,104,2024-04-29T18:29:00,like,Loved this!
1409,15,104,2024-08-24T16:52:00,message,Loved this!
1410,9,102,2024-07-17T05:39:00,message,Liked previous post.
1411,13,103,2024-10-22T02:05:00,event_attendance,Liked previous post.
1412,2,103,2024-07-22T02:23:00,like,Loved this!
1413,10,101,2024-08-10T08:10:00,like,Important announcement coming soon.
1414,7,105,2024-01-03T22:20:00,event_attendance,Liked previous post.
1415,3,105,2024-06-29T09:28:00,like,Great meeting today!
1416,17,104,2024-04-24T18:30:00,message,Loved this!
1417,11,105,2024-06-25T17:40:00,event_attendance,Liked previous post.
1418,6,102,2024-06-04T01:50:00,comment,Loved this!
1419,1,101,2024-09-21T04:40:00,comment,Liked previous post.
1420,15,105,2024-05-08T12:11:00,prayer_request,Attended the session.
1421,16,104,2024-04-29T15:50:00,like,Attended the session.
1422,3,101,2024-08-22T19:11:00,comment,Great meeting today!
1423,13,101,2024-06-03T23:11:00,event_attendance,Please pray for my family.
1424,1,101,2024-01-27T03:51:00,prayer_request,Great meeting today!
1425,18,103,2024-03-16T18:45:00,message,Loved this!
1426,8,105,2024-08-04T22:10:00,announcement,Attended the session.
1427,19,105,2024-09-24T10:16:00,message,Loved this!
1428,12,104,2024-01-27T04:54:00,announcement,Attended the session.
1429,3,104,2024-01-11T12:09:00,event_attendance,Please pray for my family.
1430,3,105,2024-06-12T13:34:00,like,Please pray for my family.
1431,5,104,2024-04-27T09:20:00,like,Attended the session.
1432,11,103,2024-02-12T12:42:00,prayer_request,Liked previous post.
1433,6,103,2024-05-22T12:57:00,event_attendance,Please pray for my family.
1434,1,105,2024-01-10T22:21:00,message,Important announcement coming soon.
1435,19,102,2024-09-06T00:21:00,event_attendance,Important announcement coming soon.
1436,13,104,2024-07-18T11:21:00,like,Liked previous post.
1437,13,103,2024-09-04T03:54:00,event_attendance,Great meeting today!
1438,13,104,2024-01-09T03:07:00,event_attendance,Great meeting today!
1439,20,104,2024-02-08T06:47:00,like,Please pray for my family.
1440,11,105,2024-05-15T17:06:00,message,Great meeting today!
1441,6,105,2024-01-06T07:17:00,announcement,Important announcement coming soon.
1442,13,104,2024-07-09T18:29:00,comment,Please pray for my family.
1443,20,105,2024-10-09T22:48:00,like,Loved this!
1444,1,105,2024-03-23T23:22:00,message,Loved this!
1445,4,105,2024-05-01T04:29:00,like,Liked previous post.
1446,8,102,2024-02-25T20:01:00,announcement,Great meeting today!
1447,15,104,2024-09-16T14:13:00,announcement,Please pray for my family.
1448,18,103,2024-02-16T02:36:00,comment,Important announcement coming soon.
1449,20,103,2024-03-31T09:18:00,like,Please pray for my family.
1450,2,101,2024-06-29T21:55:00,announcement,Please pray for my family.
1451,18,101,2024-05-13T17:37:00,announcement,Loved this!
1452,18,102,2024-09-05T07:33:00,comment,Liked previous post.
1453,3,104,2024-02-01T14:43:00,prayer_request,Liked previous post.
1454,3,102,2024-06-12T22:41:00,event_attendance,Important announcement coming soon.
1455,6,105,2024-03-24T00:27:00,event_attendance,Great meeting today!
1456,20,101,2024-01-04T21:52:00,prayer_request,Loved this!
1457,13,101,2024-04-10T18:10:00,announcement,Important announcement coming soon.
1458,13,103,2024-03-09T09:10:00,event_attendance,Loved this!
1459,5,103,2024-09-19T18:28:00,announcement,Important announcement coming soon.
1460,8,104,2024-04-10T07:18:00,comment,Liked previous post.
1461,13,103,2024-10-21T00:07:00,announcement,Please pray for my family.
1462,20,104,2024-01-27T20:38:00,announcement,Attended the session.
1463,13,102,2024-09-02T22:36:00,comment,Attended the session.
1464,14,105,2024-02-05T10:40:00,announcement,Liked previous post.
1465,5,101,2024-04-22T06:15:00,event_attendance,Important announcement coming soon.
1466,12,102,2024-04-26T01:35:00,comment,Attended the session.
1467,5,105,2024-06-13T11:49:00,event_attendance,Loved this!
1468,5,101,2024-07-03T17:38:00,event_attendance,Attended the session.
1469,12,102,2024-03-11T05:30:00,like,Important announcement coming soon.
1470,14,104,2024-01-08T00:36:00,prayer_request,Loved this!
1471,17,101,2024-09-12T21:30:00,comment,Loved this!
1472,13,101,2024-07-27T18:04:00,comment,Loved this!
1473,12,102,2024-05-27T08:31:00,message,Please pray for my family.
1474,6,102,2024-08-20T20:20:00,comment,Loved this!
1475,20,102,2024-09-02T00:41:00,message,Important announcement coming soon.
1476,13,101,2024-05-05T20:50:00,announcement,Important announcement coming soon.
1477,15,103,2024-07-13T19:57:00,event_attendance,Great meeting today!
1478,11,103,2024-09-21T10:16:00,event_attendance,Important announcement coming soon.
1479,10,101,2024-08-20T00:39:00,prayer_request,Liked previous post.
1480,14,101,2024-08-07T03:05:00,prayer_request,Liked previous post.
1481,7,104,2024-01-06T16:24:00,event_attendance,Please pray for my family.
1482,4,104,2024-04-21T17:33:00,message,Important announcement coming soon.
1483,3,103,2024-05-19T21:05:00,comment,Great meeting today!
1484,6,105,2024-07-13T10:43:00,prayer_request,Liked previous post.
1485,5,104,2024-05-22T07:47:00,like,Attended the session.
1486,13,102,2024-02-02T10:56:00,event_attendance,Please pray for my family.
1487,4,104,2024-10-09T12:58:00,like,Great meeting today!
1488,8,101,2024-01-17T18:55:00,prayer_request,Attended the session.
1489,12,105,2024-01-21T20:58:00,comment,Please pray for my family.
1490,2,103,2024-01-09T19:14:00,message,Liked previous post.
1491,11,102,2024-07-21T12:53:00,like,Attended the session.
1492,7,103,2024-08-08T22:35:00,like,Please pray for my family.
1493,15,102,2024-04-05T23:32:00,comment,Loved this!
1494,19,102,2024-10-13T21:48:00,message,Liked previous post.
1495,6,103,2024-10-26T02:56:00,event_attendance,Important announcement coming soon.
1496,9,102,2024-05-19T16:28:00,announcement,Great meeting today!
1497,18,103,2024-06-03T22:35:00,event_attendance,Loved this!
1498,7,104,2024-04-23T07:04:00,comment,Attended the session.
1499,12,101,2024-01-24T19:10:00,event_attendance,Loved this!
1500,3,103,2024-03-10T16:45:00,message,Liked previous post.
1501,7,104,2024-03-17T21:15:00,like,Please pray for my family.
1502,3,103,2024-07-25T10:42:00,comment,Please pray for my family.
1503,19,103,2024-06-03T14:04:00,like,Please pray for my family.
1504,16,104,2024-09-15T14:47:00,prayer_request,Great meeting today!
1505,19,101,2024-02-08T13:50:00,event_attendance,Liked previous post.
1506,12,104,2024-01-20T01:43:00,comment,Loved this!
1507,8,102,2024-02-07T06:40:00,like,Please pray for my family.
1508,1,105,2024-01-18T21:09:00,message,Attended the session.
1509,1,102,2024-07-25T03:38:00,event_attendance,Attended the session.
1510,2,105,2024-08-06T01:18:00,announcement,Attended the session.
1511,4,103,2024-05-07T03:01:00,message,Loved this!
1512,11,102,2024-05-21T09:48:00,event_attendance,Please pray for my family.
1513,12,104,2024-07-09T23:38:00,prayer_request,Great meeting today!
1514,16,102,2024-09-20T04:30:00,prayer_request,Loved this!
1515,16,104,2024-03-17T04:20:00,prayer_request,Great meeting today!
1516,7,103,2024-05-30T10:19:00,like,Attended the session.
1517,10,105,2024-06-19T20:37:00,announcement,Important announcement coming soon.
1518,8,101,2024-01-26T19:41:00,prayer_request,Liked previous post.
1519,10,103,2024-07-01T02:52:00,announcement,Attended the session.
1520,13,102,2024-10-03T15:24:00,announcement,Attended the session.
1521,3,104,2024-08-17T01:24:00,event_attendance,Attended the session.
1522,2,102,2024-05-12T06:21:00,announcement,Important announcement coming soon.
1523,9,102,2024-09-14T10:13:00,message,Attended the session.
1524,3,103,2024-06-16T00:42:00,prayer_request,Attended the session.
1525,3,101,2024-02-10T22:38:00,message,Great meeting today!
1526,8,104,2024-09-23T15:36:00,message,Great meeting today!
1527,10,103,2024-06-14T22:09:00,prayer_request,Loved this!
1528,18,102,2024-01-07T17:58:00,event_attendance,Liked previous post.
1529,2,101,2024-04-24T01:20:00,event_attendance,Important announcement coming soon.
1530,12,101,2024-02-22T08:00:00,event_attendance,Great meeting today!
1531,11,105,2024-04-20T05:47:00,comment,Please pray for my family.
1532,18,101,2024-04-16T17:29:00,comment,Important announcement coming soon.
1533,14,102,2024-02-07T11:13:00,prayer_request,Important announcement coming soon.
1534,1,104,2024-05-15T00:46:00,like,Please pray for my family.
1535,4,104,2024-06-30T11:35:00,event_attendance,Great meeting today!
1536,9,105,2024-07-09T11:35:00,message,Great meeting today!
1537,19,101,2024-01-14T03:11:00,announcement,Liked previous post.
1538,11,104,2024-07-29T08:03:00,event_attendance,Liked previous post.
1539,17,103,2024-06-25T03:40:00,like,Liked previous post.
1540,13,101,2024-07-31T15:38:00,message,Great meeting today!
1541,10,102,2024-05-15T02:49:00,comment,Loved this!
1542,3,101,2024-04-30T04:22:00,message,Attended the session.
1543,3,103,2024-03-25T01:07:00,like,Attended the session.
1544,4,103,2024-07-14T13:44:00,message,Important announcement coming soon.
1545,7,103,2024-07-24T09:36:00,comment,Please pray for my family.
1546,13,102,2024-09-25T04:29:00,like,Important announcement coming soon.
1547,5,102,2024-02-23T07:36:00,like,Important announcement coming soon.
1548,8,105,2024-09-05T17:42:00,prayer_request,Attended the session.
1549,12,102,2024-02-15T09:24:00,announcement,Loved this!
1550,12,101,2024-06-18T07:06:00,message,Please pray for my family.
1551,3,104,2024-01-21T05:28:00,like,Important announcement coming soon.
1552,11,101,2024-05-29T07:43:00,event_attendance,Please pray for my family.
1553,8,103,2024-04-30T05:17:00,like,Important announcement coming soon.
1554,17,102,2024-07-15T01:43:00,like,Please pray for my family.
1555,18,103,2024-04-02T09:34:00,message,Liked previous post.
1556,6,105,2024-04-22T21:44:00,event_attendance,Great meeting today!
1557,18,101,2024-04-16T20:57:00,prayer_request,Loved this!
1558,20,105,2024-09-28T11:41:00,event_attendance,Attended the session.
1559,3,103,2024-04-30T02:55:00,prayer_request,Liked previous post.
1560,3,101,2024-04-30T19:12:00,announcement,Liked previous post.
1561,18,103,2024-02-10T21:24:00,like,Please pray for my family.
1562,9,104,2024-08-31T08:12:00,event_attendance,Liked previous post.
1563,7,101,2024-02-01T22:33:00,prayer_request,Loved this!
1564,14,103,2024-02-21T12:38:00,comment,Liked previous post.
1565,12,102,2024-07-03T03:40:00,announcement,Loved this!
1566,5,103,2024-07-28T10:43:00,prayer_request,Attended the session.
1567,19,104,2024-09-03T16:09:00,comment,Loved this!
1568,12,104,2024-07-12T11:55:00,prayer_request,Liked previous post.
1569,4,103,2024-09-26T10:52:00,event_attendance,Loved this!
1570,13,101,2024-08-20T09:51:00,event_attendance,Liked previous post.
1571,2,104,2024-10-03T06:07:00,like,Liked previous post.
1572,20,101,2024-04-23T06:52:00,comment,Liked previous post.
1573,8,103,2024-06-26T15:12:00,comment,Liked previous post.
1574,7,101,2024-04-23T00:42:00,announcement,Liked previous post.
1575,4,102,2024-02-09T03:17:00,like,Liked previous post.
1576,19,103,2024-10-18T08:12:00,announcement,Please pray for my family.
1577,2,101,2024-03-27T15:12:00,like,Great meeting today!
1578,12,101,2024-01-24T17:19:00,prayer_request,Loved this!
1579,19,105,2024-08-30T09:04:00,prayer_request,Liked previous post.
1580,10,102,2024-04-01T18:34:00,like,Great meeting today!
1581,2,105,2024-09-02T18:56:00,comment,Loved this!
1582,2,102,2024-10-17T19:43:00,like,Liked previous post.
1583,7,105,2024-09-01T10:26:00,announcement,Important announcement coming soon.
1584,1,104,2024-10-15T07:25:00,announcement,Great meeting today!
1585,9,104,2024-05-17T19:07:00,prayer_request,Please pray for my family.
1586,18,103,2024-07-18T13:55:00,message,Please pray for my family.
1587,9,102,2024-02-20T11:08:00,message,Loved this!
1588,18,104,2024-07-04T08:27:00,event_attendance,Great meeting today!
1589,5,101,2024-10-25T13:58:00,announcement,Important announcement coming soon.
1590,18,105,2024-10-22T19:42:00,announcement,Important announcement coming soon.
1591,7,104,2024-02-20T19:41:00,announcement,Please pray for my family.
1592,20,104,2024-08-04T22:45:00,comment,Important announcement coming soon.
1593,19,104,2024-10-16T15:52:00,announcement,Loved this!
1594,2,103,2024-01-02T00:24:00,prayer_request,Attended the session.
1595,14,103,2024-02-06T13:20:00,event_attendance,Important announcement coming soon.
1596,8,103,2024-02-18T17:15:00,prayer_request,Great meeting today!
1597,17,103,2024-04-06T21:29:00,announcement,Important announcement coming soon.
1598,6,102,2024-06-21T07:02:00,comment,Liked previous post.
1599,10,103,2024-01-22T06:37:00,announcement,Liked previous post.
1600,14,104,2024-05-15T01:03:00,like,Liked previous post.
1601,15,105,2024-06-13T01:30:00,like,Please pray for my family.
1602,18,102,2024-10-11T07:03:00,prayer_request,Liked previous post.
1603,19,105,2024-05-23T18:08:00,event_attendance,Attended the session.
1604,5,104,2024-06-04T03:09:00,like,Loved this!
1605,16,105,2024-04-30T16:42:00,message,Great meeting today!
1606,7,101,2024-03-13T23:43:00,event_attendance,Great meeting today!
1607,2,105,2024-06-04T10:08:00,event_attendance,Great meeting today!
1608,14,103,2024-05-22T18:08:00,announcement,Please pray for my family.
1609,19,104,2024-08-01T18:43:00,announcement,Great meeting today!
1610,13,102,2024-09-27T02:46:00,announcement,Loved this!
1611,1,102,2024-09-13T05:58:00,prayer_request,Liked previous post.
1612,18,102,2024-09-22T14:00:00,announcement,Great meeting today!
1613,12,102,2024-01-23T10:36:00,prayer_request,Important announcement coming soon.
1614,14,103,2024-03-14T05:46:00,event_attendance,Great meeting today!
1615,15,101,2024-09-11T04:59:00,event_attendance,Please pray for my family.
1616,4,103,2024-03-31T01:23:00,announcement,Loved this!
1617,7,103,2024-01-04T12:53:00,comment,Liked previous post.
1618,8,105,2024-08-14T01:21:00,comment,Please pray for my family.
1619,10,101,2024-02-26T18:13:00,like,Attended the session.
1620,10,102,2024-05-17T22:26:00,event_attendance,Great meeting today!
1621,4,105,2024-08-22T13:57:00,message,Important announcement coming soon.
1622,13,104,2024-10-14T05:22:00,prayer_request,Important announcement coming soon.
1623,3,102,2024-05-03T08:02:00,announcement,Great meeting today!
1624,18,101,2024-05-17T09:15:00,prayer_request,Loved this!
1625,1,103,2024-03-13T22:32:00,announcement,Please pray for my family.
1626,9,101,2024-05-30T22:47:00,comment,Great meeting today!
1627,5,103,2024-02-10T14:41:00,message,Loved this!
1628,11,102,2024-03-01T21:17:00,announcement,Liked previous post.
1629,11,103,2024-04-18T20:50:00,message,Attended the session.
1630,15,103,2024-07-12T08:04:00,like,Important announcement coming soon.
1631,17,105,2024-07-09T18:15:00,like,Loved this!
1632,8,103,2024-08-31T12:33:00,announcement,Important announcement coming soon.
1633,10,102,2024-03-08T11:45:00,comment,Please pray for my family.
1634,3,104,2024-06-19T00:58:00,prayer_request,Attended the session.
1635,20,103,2024-10-18T11:44:00,comment,Important announcement coming soon.
1636,10,104,2024-09-04T21:26:00,prayer_request,Important announcement coming soon.
1637,12,103,2024-08-31T08:36:00,prayer_request,Please pray for my family.
1638,15,105,2024-04-07T10:51:00,message,Liked previous post.
1639,1,105,2024-10-21T09:45:00,like,Important announcement coming soon.
1640,10,101,2024-02-07T12:20:00,event_attendance,Loved this!
1641,1,104,2024-05-17T19:06:00,event_attendance,Important announcement coming soon.
1642,12,105,2024-02-08T00:26:00,event_attendance,Important announcement coming soon.
1643,10,104,2024-08-11T12:15:00,message,Great meeting today!
1644,12,105,2024-05-28T10:52:00,event_attendance,Loved this!
1645,8,104,2024-05-23T10:41:00,comment,Please pray for my family.
1646,19,104,2024-07-30T21:29:00,message,Important announcement coming soon.
1647,10,105,2024-04-02T14:20:00,like,Please pray for my family.
1648,9,101,2024-04-08T03:04:00,like,Attended the session.
1649,8,101,2024-08-31T21:23:00,prayer_request,Liked previous post.
1650,1,105,2024-07-05T21:57:00,announcement,Loved this!
1651,11,104,2024-03-25T17:15:00,message,Important announcement coming soon.
1652,12,103,2024-09-02T07:04:00,prayer_request,Loved this!
1653,13,101,2024-07-16T08:17:00,event_attendance,Important announcement coming soon.
1654,1,104,2024-08-21T05:51:00,message,Loved this!
1655,1,102,2024-02-18T15:32:00,like,Liked previous post.
1656,1,104,2024-09-19T12:02:00,prayer_request,Important announcement coming soon.
1657,16,103,2024-10-03T15:57:00,announcement,Loved this!
1658,9,104,2024-08-15T07:20:00,announcement,Great meeting today!
1659,12,104,2024-03-21T19:11:00,prayer_request,Liked previous post.
1660,9,104,2024-04-12T13:17:00,announcement,Liked previous post.
1661,6,105,2024-08-18T14:41:00,event_attendance,Loved this!
1662,7,101,2024-02-10T01:23:00,message,Great meeting today!
1663,10,104,2024-09-12T14:39:00,prayer_request,Attended the session.
1664,18,104,2024-04-18T01:19:00,prayer_request,Attended the session.
1665,5,101,2024-06-15T13:50:00,prayer_request,Important announcement coming soon.
1666,7,103,2024-06-21T13:40:00,prayer_request,Important announcement coming soon.
1667,17,105,2024-09-20T19:38:00,comment,Great meeting today!
1668,7,105,2024-04-27T13:35:00,comment,Loved this!
1669,12,103,2024-09-08T20:46:00,comment,Important announcement coming soon.
1670,3,104,2024-08-22T04:25:00,comment,Attended the session.
1671,4,103,2024-05-29T11:50:00,message,Liked previous post.
1672,18,102,2024-06-12T17:42:00,announcement,Liked previous post.
1673,13,102,2024-06-08T12:14:00,comment,Loved this!
1674,8,102,2024-04-26T02:00:00,prayer_request,Attended the session.
1675,9,104,2024-04-20T18:17:00,event_attendance,Please pray for my family.
1676,4,103,2024-01-27T10:04:00,message,Attended the session.
1677,14,102,2024-05-09T08:39:00,comment,Important announcement coming soon.
1678,12,101,2024-03-11T05:25:00,comment,Attended the session.
1679,12,101,2024-08-24T00:51:00,event_attendance,Great meeting today!
1680,7,101,2024-01-01T06:15:00,announcement,Important announcement coming soon.
1681,1,102,2024-02-29T05:36:00,comment,Great meeting today!
1682,15,105,2024-09-02T19:50:00,announcement,Great meeting today!
1683,4,103,2024-08-26T07:40:00,message,Loved this!
1684,20,101,2024-05-14T00:05:00,announcement,Loved this!
1685,15,105,2024-09-19T15:20:00,like,Liked previous post.
1686,16,101,2024-01-15T07:26:00,event_attendance,Important announcement coming soon.
1687,12,103,2024-02-22T18:36:00,prayer_request,Important announcement coming soon.
1688,7,102,2024-07-07T03:25:00,prayer_request,Important announcement coming soon.
1689,7,104,2024-08-24T13:31:00,event_attendance,Liked previous post.
1690,7,102,2024-07-07T03:45:00,announcement,Liked previous post.
1691,3,105,2024-02-21T02:15:00,comment,Attended the session.
1692,4,102,2024-03-14T09:59:00,comment,Loved this!
1693,6,101,2024-10-25T01:13:00,announcement,Great meeting today!
1694,11,104,2024-05-21T13:04:00,prayer_request,Please pray for my family.
1695,17,103,2024-03-11T06:11:00,message,Liked previous post.
1696,18,102,2024-06-24T08:38:00,message,Important announcement coming soon.
1697,20,105,2024-05-16T11:36:00,like,Please pray for my family.
1698,20,104,2024-05-31T06:06:00,message,Great meeting today!
1699,20,101,2024-02-08T23:18:00,like,Please pray for my family.
1700,5,104,2024-09-01T20:23:00,comment,Liked previous post.
1701,5,102,2024-04-26T20:44:00,like,Loved this!
1702,4,103,2024-01-01T18:16:00,announcement,Loved this!
1703,13,101,2024-07-10T19:38:00,message,Liked previous post.
1704,9,101,2024-06-19T13:19:00,like,Important announcement coming soon.
1705,5,104,2024-08-10T21:36:00,like,Please pray for my family.
1706,7,105,2024-08-15T01:03:00,comment,Important announcement coming soon.
1707,16,102,2024-05-05T08:16:00,comment,Liked previous post.
1708,3,103,2024-05-01T06:33:00,message,Liked previous post.
1709,15,104,2024-03-11T08:18:00,prayer_request,Important announcement coming soon.
1710,18,103,2024-02-11T02:38:00,announcement,Please pray for my family.
1711,11,104,2024-08-06T20:47:00,prayer_request,Attended the session.
1712,5,105,2024-09-23T18:21:00,prayer_request,Great meeting today!
1713,6,101,2024-05-29T23:09:00,event_attendance,Liked previous post.
1714,18,101,2024-10-20T05:52:00,like,Attended the session.
1715,7,104,2024-09-27T16:43:00,prayer_request,Great meeting today!
1716,8,102,2024-03-03T09:16:00,event_attendance,Great meeting today!
1717,6,103,2024-09-15T07:57:00,comment,Please pray for my family.
1718,1,103,2024-05-26T07:27:00,event_attendance,Please pray for my family.
1719,5,103,2024-06-13T21:48:00,message,Liked previous post.
1720,9,104,2024-10-04T15:09:00,comment,Attended the session.
1721,20,103,2024-02-28T07:26:00,event_attendance,Great meeting today!
1722,11,102,2024-04-22T01:33:00,like,Loved this!
1723,10,103,2024-04-11T10:54:00,message,Loved this!
1724,4,104,2024-02-07T20:10:00,like,Great meeting today!
1725,7,105,2024-01-21T01:03:00,prayer_request,Liked previous post.
1726,9,104,2024-04-04T22:15:00,prayer_request,Please pray for my family.
1727,8,104,2024-02-21T19:15:00,prayer_request,Liked previous post.
1728,8,104,2024-05-31T04:25:00,comment,Attended the session.
1729,4,104,2024-06-09T19:52:00,like,Great meeting today!
1730,7,105,2024-03-15T13:16:00,like,Important announcement coming soon.
1731,13,101,2024-07-23T05:49:00,like,Important announcement coming soon.
1732,20,101,2024-02-01T05:51:00,event_attendance,Loved this!
1733,19,105,2024-03-31T12:29:00,like,Attended the session.
1734,18,103,2024-06-23T03:35:00,message,Loved this!
1735,18,102,2024-01-11T03:41:00,prayer_request,Attended the session.
1736,20,102,2024-10-14T08:20:00,event_attendance,Loved this!
1737,18,101,2024-06-09T10:02:00,event_attendance,Important announcement coming soon.
1738,2,105,2024-04-28T13:14:00,comment,Important announcement coming soon.
1739,18,101,2024-01-07T00:03:00,like,Great meeting today!
1740,3,104,2024-06-01T19:40:00,message,Attended the session.
1741,11,102,2024-06-14T12:36:00,event_attendance,Loved this!
1742,12,103,2024-06-19T05:08:00,announcement,Liked previous post.
1743,1,105,2024-10-08T10:41:00,event_attendance,Important announcement coming soon.
1744,4,102,2024-10-03T08:25:00,event_attendance,Great meeting today!
1745,19,101,2024-08-20T13:38:00,comment,Loved this!
1746,9,103,2024-09-17T07:01:00,comment,Loved this!
1747,19,105,2024-04-03T06:41:00,like,Important announcement coming soon.
1748,7,101,2024-06-13T19:06:00,comment,Loved this!
1749,12,105,2024-02-13T20:10:00,comment,Please pray for my family.
1750,2,105,2024-04-30T02:02:00,like,Important announcement coming soon.
1751,8,102,2024-05-28T20:18:00,message,Liked previous post.
1752,8,102,2024-08-20T13:29:00,message,Important announcement coming soon.
1753,14,101,2024-04-28T14:40:00,message,Loved this!
1754,4,101,2024-07-15T18:48:00,comment,Attended the session.
1755,3,105,2024-06-13T13:23:00,prayer_request,Attended the session.
1756,13,102,2024-06-27T10:54:00,event_attendance,Loved this!
1757,7,105,2024-10-19T18:53:00,event_attendance,Loved this!
1758,12,103,2024-03-04T01:43:00,comment,Please pray for my family.
1759,17,101,2024-06-28T18:46:00,prayer_request,Attended the session.
1760,17,102,2024-03-12T08:39:00,event_attendance,Loved this!
1761,2,104,2024-05-06T05:50:00,prayer_request,Attended the session.
1762,12,104,2024-01-28T23:16:00,like,Liked previous post.
1763,20,105,2024-06-09T06:04:00,like,Please pray for my family.
1764,3,103,2024-03-19T01:56:00,event_attendance,Please pray for my family.
1765,2,105,2024-09-18T23:45:00,announcement,Please pray for my family.
1766,11,102,2024-02-16T09:48:00,prayer_request,Attended the session.
1767,9,103,2024-06-14T13:52:00,event_attendance,Loved this!
1768,5,105,2024-10-07T19:41:00,comment,Liked previous post.
1769,3,101,2024-09-10T17:37:00,message,Liked previous post.
1770,17,102,2024-07-16T16:08:00,prayer_request,Important announcement coming soon.
1771,3,103,2024-03-21T05:07:00,prayer_request,Loved this!
1772,12,102,2024-03-17T08:47:00,announcement,Great meeting today!
1773,11,105,2024-06-04T04:00:00,message,Attended the session.
1774,4,102,2024-02-12T03:28:00,message,Attended the session.
1775,14,101,2024-01-05T14:50:00,announcement,Liked previous post.
1776,10,102,2024-09-17T22:50:00,message,Please pray for my family.
1777,5,102,2024-10-18T07:01:00,event_attendance,Liked previous post.
1778,17,102,2024-06-28T02:59:00,like,Attended the session.
1779,14,104,2024-03-24T16:13:00,like,Please pray for my family.
1780,20,104,2024-01-26T10:27:00,event_attendance,Liked previous post.
1781,9,102,2024-05-29T19:59:00,prayer_request,Please pray for my family.
1782,10,103,2024-05-22T03:52:00,announcement,Attended the session.
1783,13,104,2024-03-03T18:29:00,event_attendance,Great meeting today!
1784,10,101,2024-02-07T22:04:00,like,Great meeting today!
1785,12,104,2024-05-11T02:55:00,like,Attended the session.
1786,20,105,2024-07-27T14:08:00,prayer_request,Liked previous post.
1787,8,105,2024-07-03T09:35:00,comment,Liked previous post.
1788,18,105,2024-06-04T06:34:00,prayer_request,Loved this!
1789,5,102,2024-05-15T19:27:00,comment,Liked previous post.
1790,7,102,2024-07-24T14:24:00,event_attendance,Liked previous post.
1791,9,105,2024-10-22T12:31:00,announcement,Great meeting today!
1792,7,105,2024-10-13T04:16:00,prayer_request,Loved this!
1793,4,104,2024-07-22T06:56:00,like,Attended the session.
1794,12,105,2024-04-15T13:54:00,message,Please pray for my family.
1795,16,104,2024-03-14T19:28:00,message,Loved this!
1796,7,101,2024-06-11T22:51:00,message,Great meeting today!
1797,17,102,2024-06-15T16:25:00,message,Important announcement coming soon.
1798,15,105,2024-01-21T05:02:00,like,Attended the session.
1799,1,105,2024-06-27T18:17:00,message,Attended the session.
1800,14,105,2024-02-14T23:32:00,event_attendance,Important announcement coming soon.
1801,13,103,2024-10-03T06:17:00,event_attendance,Important announcement coming soon.
1802,11,105,2024-07-21T13:10:00,prayer_request,Please pray for my family.
1803,11,101,2024-08-07T18:10:00,announcement,Attended the session.
1804,18,103,2024-08-05T06:35:00,message,Loved this!
1805,20,104,2024-03-11T09:52:00,prayer_request,Attended the session.
1806,17,101,2024-02-02T13:06:00,comment,Great meeting today!
1807,3,102,2024-09-05T16:14:00,announcement,Liked previous post.
1808,13,103,2024-09-01T06:03:00,announcement,Liked previous post.
1809,8,101,2024-04-29T22:13:00,prayer_request,Please pray for my family.
1810,17,104,2024-08-05T21:33:00,comment,Important announcement coming soon.
1811,15,101,2024-09-15T11:08:00,event_attendance,Important announcement coming soon.
1812,1,105,2024-01-26T10:30:00,message,Important announcement coming soon.
1813,2,105,2024-01-22T17:19:00,message,Important announcement coming soon.
1814,18,103,2024-04-25T09:40:00,like,Attended the session.
1815,8,101,2024-09-22T15:23:00,message,Please pray for my family.
1816,13,105,2024-05-06T19:28:00,event_attendance,Great meeting today!
1817,15,104,2024-03-18T06:19:00,prayer_request,Great meeting today!
1818,16,105,2024-03-17T01:50:00,announcement,Please pray for my family.
1819,18,103,2024-08-13T23:22:00,comment,Attended the session.
1820,17,101,2024-04-15T04:26:00,comment,Loved this!
1821,14,105,2024-02-10T05:35:00,prayer_request,Attended the session.
1822,11,103,2024-07-04T01:39:00,event_attendance,Liked previous post.
1823,11,104,2024-01-23T19:19:00,like,Liked previous post.
1824,19,104,2024-08-11T23:07:00,event_attendance,Attended the session.
1825,15,105,2024-01-17T14:19:00,comment,Important announcement coming soon.
1826,13,104,2024-06-25T16:21:00,prayer_request,Attended the session.
1827,2,105,2024-02-11T22:21:00,event_attendance,Liked previous post.
1828,15,105,2024-10-09T12:05:00,announcement,Attended the session.
1829,6,102,2024-01-27T09:59:00,announcement,Loved this!
1830,5,104,2024-02-23T18:36:00,message,Important announcement coming soon.
1831,7,103,2024-07-14T22:07:00,announcement,Attended the session.
1832,17,102,2024-07-29T12:00:00,announcement,Liked previous post.
1833,14,102,2024-03-25T12:05:00,comment,Important announcement coming soon.
1834,14,105,2024-07-31T17:01:00,event_attendance,Great meeting today!
1835,11,103,2024-09-11T00:01:00,message,Important announcement coming soon.
1836,12,104,2024-03-05T09:34:00,comment,Liked previous post.
1837,6,102,2024-06-17T04:00:00,event_attendance,Loved this!
1838,11,102,2024-10-12T13:50:00,event_attendance,Attended the session.
1839,16,101,2024-05-12T04:37:00,prayer_request,Great meeting today!
1840,3,103,2024-05-10T22:31:00,announcement,Liked previous post.
1841,20,103,2024-01-06T07:17:00,announcement,Great meeting today!
1842,3,102,2024-05-24T18:03:00,comment,Liked previous post.
1843,3,105,2024-04-12T20:01:00,message,Attended the session.
1844,11,102,2024-07-09T01:17:00,prayer_request,Great meeting today!
1845,19,101,2024-06-12T22:28:00,message,Attended the session.
1846,15,103,2024-09-01T15:12:00,event_attendance,Loved this!
1847,19,104,2024-05-17T11:56:00,like,Loved this!
1848,7,105,2024-07-25T07:06:00,announcement,Loved this!
1849,18,104,2024-09-22T14:03:00,message,Liked previous post.
1850,19,101,2024-04-03T20:59:00,announcement,Great meeting today!
1851,15,102,2024-03-14T21:28:00,like,Loved this!
1852,20,105,2024-01-17T12:16:00,like,Important announcement coming soon.
1853,5,101,2024-08-08T19:46:00,comment,Important announcement coming soon.
1854,4,101,2024-01-31T05:02:00,message,Great meeting today!
1855,14,101,2024-09-06T10:13:00,announcement,Attended the session.
1856,15,101,2024-02-23T19:22:00,announcement,Loved this!
1857,14,105,2024-10-18T05:20:00,comment,Attended the session.
1858,12,101,2024-06-06T11:23:00,event_attendance,Great meeting today!
1859,8,105,2024-03-26T14:22:00,comment,Please pray for my family.
1860,18,105,2024-08-11T02:43:00,like,Attended the session.
1861,18,104,2024-02-13T20:16:00,message,Important announcement coming soon.
1862,2,104,2024-01-16T02:43:00,event_attendance,Liked previous post.
1863,20,105,2024-04-02T06:26:00,comment,Attended the session.
1864,5,101,2024-06-25T04:41:00,announcement,Please pray for my family.
1865,15,102,2024-09-07T06:54:00,comment,Liked previous post.
1866,2,104,2024-09-12T00:10:00,announcement,Please pray for my family.
1867,7,104,2024-07-17T21:00:00,event_attendance,Attended the session.
1868,2,101,2024-02-26T12:07:00,comment,Loved this!
1869,4,103,2024-01-29T13:57:00,announcement,Attended the session.
1870,1,104,2024-03-28T20:18:00,message,Great meeting today!
1871,4,103,2024-03-16T08:01:00,event_attendance,Liked previous post.
1872,6,103,2024-03-05T14:19:00,message,Important announcement coming soon.
1873,16,103,2024-09-17T05:26:00,like,Attended the session.
1874,17,101,2024-06-30T07:36:00,like,Liked previous post.
1875,15,105,2024-10-11T11:57:00,announcement,Attended the session.
1876,18,105,2024-07-10T15:02:00,like,Great meeting today!
1877,7,105,2024-06-19T02:13:00,event_attendance,Important announcement coming soon.
1878,6,105,2024-04-25T19:46:00,announcement,Important announcement coming soon.
1879,8,101,2024-07-15T12:19:00,announcement,Please pray for my family.
1880,7,102,2024-10-08T10:04:00,comment,Great meeting today!
1881,15,105,2024-02-26T23:31:00,comment,Please pray for my family.
1882,13,103,2024-08-07T04:05:00,prayer_request,Important announcement coming soon.
1883,4,101,2024-01-21T04:44:00,event_attendance,Please pray for my family.
1884,8,102,2024-04-14T09:22:00,event_attendance,Loved this!
1885,18,105,2024-10-17T15:19:00,message,Important announcement coming soon.
1886,13,104,2024-02-18T02:24:00,like,Loved this!
1887,8,103,2024-02-21T08:59:00,announcement,Attended the session.
1888,15,105,2024-05-05T11:56:00,announcement,Liked previous post.
1889,6,105,2024-06-25T09:24:00,like,Please pray for my family.
1890,5,101,2024-10-16T08:41:00,prayer_request,Great meeting today!
1891,14,103,2024-04-21T14:57:00,message,Please pray for my family.
1892,17,102,2024-06-25T10:45:00,like,Loved this!
1893,8,103,2024-02-11T06:02:00,message,Liked previous post.
1894,19,104,2024-04-17T12:00:00,comment,Attended the session.
1895,17,102,2024-08-29T02:07:00,comment,Great meeting today!
1896,19,101,2024-05-21T05:14:00,announcement,Please pray for my family.
1897,12,102,2024-10-17T17:18:00,event_attendance,Liked previous post.
1898,19,103,2024-05-07T22:18:00,like,Liked previous post.
1899,6,102,2024-10-06T01:07:00,like,Attended the session.
1900,5,105,2024-09-21T22:25:00,comment,Liked previous post.
1901,3,104,2024-01-05T14:06:00,message,Liked previous post.
1902,6,104,2024-07-19T07:58:00,message,Loved this!
1903,5,105,2024-07-19T00:46:00,announcement,Great meeting today!
1904,4,105,2024-10-12T21:51:00,like,Liked previous post.
1905,14,102,2024-01-02T13:23:00,like,Loved this!
1906,4,104,2024-08-12T16:05:00,comment,Loved this!
1907,12,101,2024-10-18T04:22:00,announcement,Great meeting today!
1908,20,101,2024-07-14T03:51:00,message,Loved this!
1909,15,101,2024-02-11T21:21:00,comment,Liked previous post.
1910,6,101,2024-07-23T23:00:00,like,Important announcement coming soon.
1911,10,105,2024-08-22T07:50:00,comment,Great meeting today!
1912,11,101,2024-03-04T22:50:00,announcement,Attended the session.
1913,12,104,2024-05-04T03:51:00,comment,Please pray for my family.
1914,11,105,2024-05-29T21:54:00,announcement,Please pray for my family.
1915,4,102,2024-09-05T03:06:00,event_attendance,Great meeting today!
1916,9,104,2024-03-14T00:43:00,announcement,Liked previous post.
1917,9,103,2024-04-02T02:30:00,message,Important announcement coming soon.
1918,10,105,2024-08-16T12:37:00,comment,Liked previous post.
1919,14,105,2024-07-29T02:03:00,like,Liked previous post.
1920,13,102,2024-01-05T00:25:00,announcement,Liked previous post.
1921,5,101,2024-06-15T11:34:00,prayer_request,Liked previous post.
1922,6,103,2024-08-23T01:26:00,prayer_request,Great meeting today!
1923,17,104,2024-09-26T20:01:00,announcement,Loved this!
1924,11,101,2024-07-23T02:21:00,announcement,Important announcement coming soon.
1925,13,105,2024-07-04T02:35:00,like,Please pray for my family.
1926,10,101,2024-10-05T10:36:00,like,Liked previous post.
1927,5,105,2024-02-21T08:57:00,prayer_request,Liked previous post.
1928,9,105,2024-07-20T21:26:00,event_attendance,Loved this!
1929,2,105,2024-01-19T20:59:00,prayer_request,Attended the session.
1930,1,105,2024-03-14T09:16:00,like,Attended the session.
1931,8,104,2024-07-11T09:40:00,comment,Attended the session.
1932,19,102,2024-05-26T07:36:00,like,Great meeting today!
1933,11,105,2024-05-15T07:32:00,like,Liked previous post.
1934,16,105,2024-04-05T17:53:00,comment,Attended the session.
1935,13,102,2024-05-31T02:06:00,comment,Loved this!
1936,2,101,2024-09-17T20:49:00,announcement,Great meeting today!
1937,18,104,2024-10-18T22:13:00,prayer_request,Please pray for my family.
1938,19,104,2024-08-03T11:46:00,prayer_request,Loved this!
1939,6,102,2024-09-20T08:35:00,comment,Important announcement coming soon.
1940,3,103,2024-10-16T05:03:00,like,Liked previous post.
1941,3,103,2024-03-04T13:16:00,prayer_request,Great meeting today!
1942,9,103,2024-06-18T05:44:00,message,Please pray for my family.
1943,16,103,2024-10-10T22:27:00,event_attendance,Important announcement coming soon.
1944,12,102,2024-01-29T11:36:00,comment,Loved this!
1945,12,103,2024-01-04T18:50:00,prayer_request,Great meeting today!
1946,14,101,2024-10-02T01:25:00,like,Loved this!
1947,17,102,2024-06-08T13:12:00,event_attendance,Please pray for my family.
1948,16,105,2024-07-17T08:49:00,prayer_request,Attended the session.
1949,9,101,2024-03-25T02:40:00,event_attendance,Liked previous post.
1950,3,104,2024-02-07T15:16:00,event_attendance,Loved this!
1951,5,104,2024-03-08T21:47:00,announcement,Important announcement coming soon.
1952,8,103,2024-10-15T03:03:00,event_attendance,Attended the session.
1953,12,101,2024-09-16T02:05:00,comment,Please pray for my family.
1954,11,101,2024-08-19T12:09:00,comment,Please pray for my family.
1955,14,104,2024-02-02T08:44:00,like,Please pray for my family.
1956,11,101,2024-04-02T08:42:00,prayer_request,Liked previous post.
1957,9,101,2024-02-01T03:41:00,comment,Loved this!
1958,1,105,2024-03-11T11:33:00,message,Attended the session.
1959,16,105,2024-06-11T10:48:00,prayer_request,Important announcement coming soon.
1960,13,104,2024-06-09T15:49:00,event_attendance,Loved this!
1961,13,104,2024-04-15T04:25:00,announcement,Important announcement coming soon.
1962,16,101,2024-10-11T14:32:00,comment,Great meeting today!
1963,9,105,2024-06-08T23:45:00,event_attendance,Important announcement coming soon.
1964,17,103,2024-03-22T14:54:00,comment,Important announcement coming soon.
1965,7,105,2024-04-12T22:54:00,event_attendance,Loved this!
1966,6,102,2024-10-11T09:48:00,message,Important announcement coming soon.
1967,5,102,2024-10-04T22:29:00,like,Liked previous post.
1968,15,102,2024-10-26T08:48:00,announcement,Liked previous post.
1969,1,104,2024-07-02T05:56:00,prayer_request,Liked previous post.
1970,4,101,2024-07-10T23:12:00,prayer_request,Attended the session.
1971,1,104,2024-09-14T12:13:00,like,Important announcement coming soon.
1972,3,105,2024-05-17T00:36:00,message,Please pray for my family.
1973,16,101,2024-02-29T02:16:00,prayer_request,Liked previous post.
1974,4,105,2024-01-10T01:17:00,announcement,Important announcement coming soon.
1975,7,101,2024-09-17T00:58:00,event_attendance,Liked previous post.
1976,5,101,2024-10-06T11:03:00,prayer_request,Attended the session.
1977,13,104,2024-04-18T06:32:00,prayer_request,Attended the session.
1978,6,102,2024-03-25T06:54:00,prayer_request,Great meeting today!
1979,2,105,2024-05-31T04:55:00,comment,Great meeting today!
1980,19,102,2024-04-26T17:57:00,event_attendance,Important announcement coming soon.
1981,6,102,2024-04-05T06:24:00,event_attendance,Loved this!
1982,18,105,2024-06-03T05:08:00,like,Attended the session.
1983,20,103,2024-06-11T03:37:00,message,Liked previous post.
1984,17,103,2024-09-06T22:55:00,comment,Important announcement coming soon.
1985,13,103,2024-10-21T21:38:00,like,Attended the session.
1986,1,102,2024-08-22T04:26:00,event_attendance,Please pray for my family.
1987,7,103,2024-05-03T00:24:00,announcement,Attended the session.
1988,18,104,2024-09-13T20:32:00,like,Please pray for my family.
1989,16,102,2024-09-11T13:01:00,announcement,Loved this!
1990,13,104,2024-03-30T01:49:00,like,Liked previous post.
1991,12,105,2024-05-25T01:58:00,message,Please pray for my family.
1992,8,102,2024-06-24T23:24:00,prayer_request,Loved this!
1993,7,104,2024-03-02T07:30:00,like,Please pray for my family.
1994,6,103,2024-10-26T17:55:00,announcement,Attended the session.
1995,7,105,2024-06-20T00:51:00,message,Liked previous post.
1996,17,105,2024-06-26T02:10:00,like,Loved this!
1997,19,105,2024-06-29T11:18:00,event_attendance,Important announcement coming soon.
1998,2,102,2024-10-23T11:58:00,message,Great meeting today!
1999,11,102,2024-02-01T19:49:00,comment,Liked previous post.
2000,19,101,2024-07-06T01:44:00,like,Please pray for my family.
